INSERT INTO Patients (patient_id, first_name, last_name, age, blood_type, allergy, gender, birthdate, address, city, phone_number) 
VALUES 
(1, 'Antony', 'Crisall', 36, 'A', 'Medication', 'Male', '2000-09-13', '579 Oriole Avenue', 'Ban Phai', '896-292-6619'),
(2, 'Didi', 'Scholtis', 83, 'O', 'Shellfish', 'Female', '2015-06-09', '1099 Nova Parkway', 'Tempel', '612-121-7962'),
(3, 'Celestia', 'Isherwood', 52, 'B', 'Other', 'Female', '2002-07-21', '35090 Eastwood Junction', 'Busia', '225-803-6272'),
(4, 'Toma', 'Pickup', 90, 'AB', 'Cats', 'Female', '1968-04-04', '362 Sugar Plaza', 'São Julião do Tojal', '553-699-3280'),
(5, 'Hillier', 'Inglesent', 53, 'B', 'Other', 'Male', '1957-08-03', '2 Blackbird Circle', 'Emiliano Zapata', '846-622-0272'),
(6, 'Kliment', 'Fey', 66, 'B', 'Milk', 'Male', '1952-05-09', '074 Vidon Junction', 'Kaliwates', '426-154-1746'),
(7, 'Frederich', 'Ackermann', 109, 'A', 'Shellfish', 'Male', '1970-12-22', '30602 6th Parkway', 'Labney', '587-515-2085'),
(8, 'Dixie', 'Standeven', 39, 'AB', 'Cats', 'Female', '1956-03-14', '77 Manufacturers Alley', 'Kombapari', '975-529-5828'),
(9, 'Drucy', 'Devanny', 51, 'AB', 'Medication', 'Female', '1997-02-05', '14 Basil Road', 'Dayanggezhuang', '998-562-6598'),
(10, 'Antonella', 'Weatherill', 63, 'O', 'Medication', 'Female', '2020-10-23', '14246 Utah Point', 'Totoras', '358-470-4692'),
(11, 'Walt', 'Younie', 46, 'A', 'Cats', 'Male', '2002-04-15', '382 Vermont Parkway', 'Roanoke', '540-108-5224'),
(12, 'Garek', 'Badsworth', 21, 'A', 'Other', 'Male', '1986-02-09', '95 Morningstar Avenue', 'Dzhiginka', '147-626-5263'),
(13, 'Cordell', 'Dungee', 46, 'AB', 'Dust', 'Agender', '1985-05-01', '3 Forest Dale Street', 'Shushicë', '452-628-6694'),
(14, 'Natasha', 'Starbeck', 39, 'A', 'Medication', 'Female', '2015-08-20', '99 Lawn Alley', 'Kuzhuping', '846-864-0012'),
(15, 'Rodrigo', 'McPeake', 101, 'AB', 'Peanuts', 'Male', '1954-06-17', '647 Arizona Crossing', 'Hudai', '129-431-2927'),
(16, 'Merilyn', 'Durward', 52, 'A', 'Dust', 'Female', '2009-01-15', '564 Hooker Road', 'Mértola', '624-740-4736'),
(17, 'Pavlov', 'Brandreth', 94, 'AB', 'Other', 'Genderfluid', '1964-01-31', '904 Butternut Plaza', 'Bretaña', '381-593-1913'),
(18, 'Ware', 'Gierok', 66, 'B', 'Shellfish', 'Male', '2005-10-26', '23576 Starling Place', 'Yuanyang Zhen', '977-863-6515'),
(19, 'Aurlie', 'Cridge', 45, 'B', 'Cats', 'Female', '1977-01-14', '395 Straubel Trail', 'San Agustin', '196-750-0833'),
(20, 'Jefferey', 'Marriner', 42, 'B', 'Medication', 'Male', '1958-10-18', '799 Parkside Center', 'Talā', '480-616-5276'),
(21, 'Sandy', 'Rowes', 93, 'A', 'Cats', 'Female', '1972-05-25', '4 Shopko Circle', 'Magallanes', '100-171-1367'),
(22, 'Renell', 'Iglesias', 133, 'AB', 'Shellfish', 'Female', '1986-06-11', '47 Anthes Avenue', 'Katrineholm', '906-474-6273'),
(23, 'Maiga', 'Messiter', 18, 'AB', 'Eggs', 'Female', '1955-10-23', '53 Mayfield Trail', 'Hendaye', '169-520-1185'),
(24, 'Min', 'Jeffress', 14, 'O', 'Milk', 'Female', '1985-02-05', '97588 Mifflin Park', 'Nantes', '947-234-9181'),
(25, 'Bil', 'Monan', 43, 'AB', 'Milk', 'Male', '1956-05-01', '774 Lien Junction', 'Ciudian', '617-564-3009'),
(26, 'Sandi', 'Waggitt', 50, 'B', 'Milk', 'Female', '1963-06-24', '29069 Porter Road', 'Kitui', '422-708-5151'),
(27, 'Lorrin', 'Vye', 129, 'AB', 'Dust', 'Female', '2015-12-31', '132 Golden Leaf Park', 'Obock', '492-416-0439'),
(28, 'Minny', 'Tyrie', 82, 'AB', 'Cats', 'Female', '1980-02-04', '91 Crowley Road', 'Fort Wayne', '260-754-7922'),
(29, 'Worden', 'Stimpson', 122, 'B', 'Shellfish', 'Male', '2008-05-08', '2 Merry Way', 'Windsor', '383-319-4232'),
(30, 'Trev', 'Havard', 109, 'A', 'Cats', 'Male', '1967-01-03', '5 Pleasure Lane', 'Baiquan', '683-370-4134'),
(31, 'Hasheem', 'Larkin', 114, 'O', 'Cats', 'Male', '1952-04-15', '2364 Burning Wood Circle', 'Ignacio Zaragoza', '952-287-9972'),
(32, 'Gwenette', 'Pilmer', 78, 'AB', 'Other', 'Female', '1996-06-27', '35638 Talmadge Place', 'Nepomuceno', '216-483-6395'),
(33, 'Gwendolen', 'Etter', 63, 'A', 'Other', 'Female', '2021-04-23', '27820 Brown Hill', 'Ibagué', '714-374-8643'),
(34, 'Madeline', 'Roland', 106, 'B', 'Dust', 'Female', '2019-05-04', '5253 Pearson Trail', 'Laško', '269-587-6775'),
(35, 'Linnet', 'Lissandrini', 14, 'A', 'Pollen', 'Female', '2020-12-12', '345 High Crossing Junction', 'Futian', '448-666-9544'),
(36, 'Kippie', 'Klaes', 29, 'AB', 'Cats', 'Female', '2015-07-23', '0 Dayton Road', 'Kuroda', '323-484-7349'),
(37, 'Bastian', 'Bielefeld', 13, 'B', 'Dust', 'Male', '1988-06-03', '78316 Bluestem Way', 'Qa‘ţabah', '741-192-2859'),
(38, 'Keith', 'Augustin', 38, 'O', 'Dust', 'Male', '2008-07-27', '8 Meadow Lane', 'Yagodnoye', '267-126-1892'),
(39, 'Ava', 'Brockhurst', 54, 'B', 'Milk', 'Female', '1974-12-27', '58379 Barby Point', 'Zhicheng', '951-635-7324'),
(40, 'Glen', 'Harward', 27, 'A', 'Pollen', 'Male', '2000-05-04', '3646 Ridgeview Road', 'Boissy-Saint-Léger', '549-570-7372'),
(41, 'Benedicta', 'Moffat', 73, 'O', 'Medication', 'Female', '2005-08-18', '7 Ohio Crossing', 'Kozármisleny', '308-209-8075'),
(42, 'Rosamond', 'Pellatt', 76, 'B', 'Shellfish', 'Female', '2014-12-27', '7 Thierer Alley', 'Pájara', '439-277-4567'),
(43, 'Glenn', 'Dumont', 63, 'A', 'Medication', 'Male', '2006-12-29', '82959 Elka Junction', 'Crawfordville', '224-639-3263'),
(44, 'Gabriel', 'Troup', 54, 'B', 'Pollen', 'Male', '1971-02-10', '9 Baker Circle', 'Nashville', '215-858-3827'),
(45, 'Henrietta', 'Fowler', 72, 'O', 'Dust', 'Female', '2018-03-19', '12 Stone Corner Trail', 'Morlanwelz', '560-119-3279'),
(46, 'Desmond', 'Toll', 84, 'AB', 'Milk', 'Male', '2012-09-23', '76 Johnstone Avenue', 'Angarsk', '786-125-3847'),
(47, 'Magda', 'Wagstaff', 97, 'A', 'Medication', 'Female', '2021-10-11', '28 Fiske Point', 'Turgoyak', '372-256-4053'),
(48, 'Cornelius', 'Yeomans', 88, 'AB', 'Pollen', 'Male', '1958-06-14', '12 Mountain Trail', 'Hoff', '634-896-2721'),
(49, 'Deborah', 'Harris', 57, 'B', 'Peanuts', 'Female', '2019-01-22', '46 Lakeview Drive', 'Sioux Falls', '603-535-9332'),
(50, 'Sidney', 'Gilchrist', 39, 'O', 'Shellfish', 'Male', '1998-04-03', '3 Forest Lane', 'Hudson', '475-567-2918');


INSERT INTO Appointments (appointment_id, appointment_date, patient_id, doctor_id, prescription_id, status) VALUES
(1, '2022-03-27', 16, 11, 58, 'Completed'),
(2, '2022-09-10', 22, 10, 73, 'Cancelled'),
(3, '2022-10-11', 1, 4, 73, 'In Progress'),
(4, '2022-03-10', 24, 8, 12, 'Scheduled'),
(5, '2022-05-25', 33, 4, 24, 'In Progress'),
(6, '2022-07-13', 39, 15, 68, 'In Progress'),
(7, '2022-06-11', 8, 1, 7, 'In Progress'),
(8, '2022-11-15', 48, 10, 27, 'Cancelled'),
(9, '2022-10-29', 7, 11, 80, 'Cancelled'),
(10, '2022-09-04', 21, 11, 72, 'In Progress'),
(11, '2022-08-12', 10, 19, 66, 'Cancelled'),
(12, '2022-12-26', 38, 6, 4, 'Completed'),
(13, '2022-07-05', 3, 3, 15, 'Cancelled'),
(14, '2022-05-15', 36, 20, 2, 'Scheduled'),
(15, '2022-03-21', 32, 12, 74, 'Cancelled'),
(16, '2022-08-05', 36, 3, 86, 'Scheduled'),
(17, '2022-05-09', 16, 8, 57, 'Completed'),
(18, '2022-08-14', 42, 2, 100, 'Scheduled'),
(19, '2022-03-01', 22, 19, 60, 'Completed'),
(20, '2022-09-04', 23, 19, 16, 'In Progress'),
(21, '2022-09-20', 37, 1, 39, 'In Progress'),
(22, '2022-08-29', 26, 9, 33, 'Cancelled'),
(23, '2022-10-21', 3, 19, 66, 'In Progress'),
(24, '2022-02-07', 35, 1, 31, 'Completed'),
(25, '2022-09-26', 9, 11, 11, 'Cancelled'),
(26, '2022-04-19', 29, 6, 33, 'Cancelled'),
(27, '2022-11-27', 5, 3, 53, 'Cancelled'),
(28, '2022-10-04', 4, 11, 77, 'Cancelled'),
(29, '2022-01-28', 5, 14, 19, 'Completed'),
(30, '2022-12-12', 42, 19, 51, 'Completed'),
(31, '2022-06-15', 4, 2, 85, 'In Progress'),
(32, '2022-03-18', 16, 16, 53, 'Scheduled'),
(33, '2022-03-31', 33, 5, 44, 'In Progress'),
(34, '2022-11-14', 8, 13, 19, 'Scheduled'),
(35, '2022-08-26', 1, 10, 16, 'Cancelled'),
(36, '2022-12-16', 29, 12, 36, 'Completed'),
(37, '2022-12-05', 30, 1, 20, 'Scheduled'),
(38, '2022-12-08', 22, 2, 53, 'Cancelled'),
(39, '2022-02-16', 49, 9, 17, 'Completed'),
(40, '2022-06-11', 22, 14, 26, 'Cancelled'),
(41, '2022-05-29', 23, 10, 67, 'Completed'),
(42, '2022-07-18', 19, 11, 59, 'Cancelled'),
(43, '2022-10-03', 20, 9, 62, 'Cancelled'),
(44, '2022-04-27', 46, 8, 64, 'In Progress'),
(45, '2022-05-26', 24, 13, 10, 'In Progress'),
(46, '2022-02-03', 36, 8, 67, 'Cancelled'),
(47, '2022-05-04', 48, 1, 18, 'In Progress'),
(48, '2022-02-06', 19, 13, 99, 'Scheduled'),
(49, '2022-10-02', 4, 10, 40, 'In Progress'),
(50, '2022-03-07', 12, 10, 94, 'In Progress'),
(51, '2022-02-07', 16, 5, 92, 'Completed'),
(52, '2022-11-25', 11, 3, 2, 'Completed'),
(53, '2022-01-31', 42, 15, 6, 'In Progress'),
(54, '2022-07-14', 7, 19, 14, 'Scheduled'),
(55, '2022-01-09', 41, 14, 40, 'Scheduled'),
(56, '2022-08-07', 7, 20, 58, 'Cancelled'),
(57, '2022-12-27', 26, 10, 80, 'Cancelled'),
(58, '2022-02-12', 20, 9, 20, 'In Progress'),
(59, '2022-12-11', 9, 11, 92, 'Scheduled'),
(60, '2022-08-30', 8, 9, 76, 'Scheduled'),
(61, '2022-12-08', 10, 13, 39, 'In Progress'),
(62, '2022-11-04', 24, 9, 81, 'Scheduled'),
(63, '2022-05-31', 37, 15, 45, 'Completed'),
(64, '2022-10-20', 44, 17, 87, 'Cancelled'),
(65, '2022-12-30', 23, 16, 32, 'Scheduled'),
(66, '2022-12-11', 13, 14, 71, 'In Progress'),
(67, '2022-09-16', 36, 5, 45, 'In Progress'),
(68, '2022-06-09', 45, 18, 45, 'Cancelled'),
(69, '2022-08-16', 50, 6, 88, 'Completed'),
(70, '2022-03-31', 2, 3, 59, 'In Progress'),
(71, '2022-07-26', 48, 19, 24, 'Cancelled'),
(72, '2022-01-07', 7, 8, 54, 'Cancelled'),
(73, '2022-03-23', 14, 12, 5, 'Scheduled'),
(74, '2022-07-06', 3, 14, 11, 'In Progress'),
(75, '2022-11-20', 46, 11, 10, 'Completed'),
(76, '2022-12-10', 36, 8, 95, 'Scheduled'),
(77, '2022-10-26', 5, 10, 65, 'In Progress'),
(78, '2022-06-17', 15, 18, 43, 'Completed'),
(79, '2022-03-02', 23, 7, 17, 'Cancelled'),
(80, '2022-07-16', 5, 11, 56, 'In Progress'),
(81, '2022-06-04', 11, 11, 48, 'Completed'),
(82, '2022-04-15', 47, 6, 11, 'In Progress'),
(83, '2022-05-10', 5, 7, 32, 'Completed'),
(84, '2022-12-09', 37, 13, 68, 'In Progress'),
(85, '2022-06-26', 12, 18, 92, 'Scheduled'),
(86, '2022-04-28', 17, 5, 36, 'Cancelled'),
(87, '2022-08-26', 31, 7, 21, 'Scheduled'),
(88, '2022-04-14', 20, 14, 47, 'Cancelled'),
(89, '2022-06-02', 12, 13, 43, 'Scheduled'),
(90, '2022-09-01', 1, 12, 66, 'Cancelled'),
(91, '2022-07-19', 22, 11, 41, 'Scheduled'),
(92, '2022-11-14', 7, 15, 75, 'In Progress'),
(93, '2022-10-08', 27, 5, 52, 'Cancelled'),
(94, '2022-02-24', 35, 19, 34, 'Cancelled'),
(95, '2022-08-20', 8, 12, 62, 'In Progress'),
(96, '2022-04-22', 17, 3, 72, 'Completed'),
(97, '2022-07-17', 27, 16, 55, 'Completed'),
(98, '2022-09-21', 45, 17, 58, 'Cancelled'),
(99, '2022-10-24', 4, 4, 7, 'Completed'),
(100, '2022-07-12', 10, 11, 58, 'In Progress');

INSERT INTO Doctors (doctor_id, first_name, last_name, birth_date, specialty, email, years_of_experience, hospital_name) VALUES
(1, 'Torin', 'Pooley', '1965-08-18', 'General', 'tpooley0@ucoz.com', 47, 'Cedarwood Memorial Hospital'),
(2, 'Carlos', 'Roseburgh', '1931-12-28', 'Gastroenterology', 'croseburgh1@boston.com', 3, 'Willowbrook Community Hospital'),
(3, 'Etheline', 'Anscott', '1968-01-21', 'Gastroenterology', 'eanscott2@de.vu', 44, 'Meadowbrook Regional Medical Center'),
(4, 'Melli', 'Hacker', '2002-07-17', 'Dermatology', 'mhacker3@go.com', 39, 'Meadowbrook Regional Medical Center'),
(5, 'Caroljean', 'Clyburn', '1940-01-14', 'Dermatology', 'cclyburn4@prlog.org', 39, 'Pinecrest General Hospital'),
(6, 'Dennie', 'Cassey', '1933-05-10', 'Gastroenterology', 'dcassey5@slideshare.net', 42, 'Meadowbrook Regional Medical Center'),
(7, 'Birch', 'Freeburn', '1944-10-15', 'Cardiology', 'bfreeburn6@usnews.com', 47, 'Pinecrest General Hospital'),
(8, 'Sidonnie', 'Spikeings', '1923-06-21', 'Hematology', 'sspikeings7@vkontakte.ru', 15, 'Willowbrook Community Hospital'),
(9, 'Philis', 'Korneichuk', '1961-06-03', 'Pediatrics', 'pkorneichuk8@biblegateway.com', 46, 'Meadowbrook Regional Medical Center'),
(10, 'Adel', 'Olekhov', '1984-07-03', 'Gastroenterology', 'aolekhov9@ucsd.edu', 15, 'Willowbrook Community Hospital'),
(11, 'Patton', 'Pinniger', '1971-06-08', 'Neurology', 'ppinnigera@simplemachines.org', 1, 'Cedarwood Memorial Hospital'),
(12, 'Benedicto', 'Gounin', '1999-08-19', 'Surgery', 'bgouninb@twitter.com', 37, 'Meadowbrook Regional Medical Center'),
(13, 'Judi', 'Standring', '1936-02-22', 'General', 'jstandringc@cdbaby.com', 33, 'Cedarwood Memorial Hospital'),
(14, 'Bruno', 'Lanon', '1966-07-14', 'Endocrinology', 'blanond@odnoklassniki.ru', 10, 'Willowbrook Community Hospital'),
(15, 'Yulma', 'Risbridger', '1914-10-06', 'Orthopedics', 'yrisbridgere@deliciousdays.com', 26, 'Pinecrest General Hospital'),
(16, 'Sisely', 'MacAndreis', '2013-12-20', 'Urology', 'smacandreisf@trellian.com', 36, 'Pinecrest General Hospital'),
(17, 'Hendrika', 'Puckring', '1959-09-06', 'Hematology', 'hpuckringg@apple.com', 43, 'Pinecrest General Hospital'),
(18, 'Kristopher', 'Kennealy', '1921-09-19', 'General', 'kkennealyh@technorati.com', 50, 'Meadowbrook Regional Medical Center'),
(19, 'Ynez', 'Poulston', '1970-07-11', 'Neurology', 'ypoulstoni@prnewswire.com', 24, 'Meadowbrook Regional Medical Center'),
(20, 'Heida', 'Dyet', '1956-09-30', 'Hematology', 'hdyetj@va.gov', 5, 'Cedarwood Memorial Hospital');


INSERT INTO Medical_Records (record_id, patient_id, doctor_id, prescription_id, diagnosis) VALUES
(1, 8, 9, 39, 'Hypertension'),
(2, 20, 17, 77, 'Hypertension'),
(3, 15, 10, 60, 'Asthma'),
(4, 1, 4, 57, 'Cancer'),
(5, 41, 3, 60, 'Hypertension'),
(6, 30, 9, 35, 'Asthma'),
(7, 14, 13, 86, 'Asthma'),
(8, 9, 12, 56, 'Asthma'),
(9, 2, 17, 20, 'Hypertension'),
(10, 18, 17, 68, 'Diabetes'),
(11, 25, 19, 50, 'Cancer'),
(12, 9, 8, 57, 'Hypertension'),
(13, 16, 19, 70, 'Hypertension'),
(14, 16, 10, 1, 'Asthma'),
(15, 6, 11, 53, 'Asthma'),
(16, 8, 8, 17, 'Hypertension'),
(17, 25, 3, 69, 'Cancer'),
(18, 44, 2, 84, 'Asthma'),
(19, 17, 15, 2, 'Hypertension'),
(20, 16, 3, 40, 'Hypertension'),
(21, 23, 11, 92, 'Asthma'),
(22, 29, 4, 26, 'Asthma'),
(23, 40, 13, 32, 'Hypertension'),
(24, 43, 14, 20, 'Asthma'),
(25, 14, 19, 18, 'Diabetes'),
(26, 42, 12, 79, 'Cancer'),
(27, 32, 7, 52, 'Cancer'),
(28, 41, 6, 2, 'Asthma'),
(29, 40, 1, 5, 'Cancer'),
(30, 31, 13, 81, 'Cancer'),
(31, 36, 17, 53, 'Cancer'),
(32, 15, 15, 90, 'Hypertension'),
(33, 42, 5, 68, 'Diabetes'),
(34, 26, 7, 21, 'Hypertension'),
(35, 20, 11, 51, 'Cancer'),
(36, 29, 2, 63, 'Diabetes'),
(37, 35, 2, 80, 'Asthma'),
(38, 31, 6, 46, 'Hypertension'),
(39, 38, 10, 65, 'Diabetes'),
(40, 14, 18, 59, 'Diabetes'),
(41, 37, 5, 44, 'Hypertension'),
(42, 37, 16, 46, 'Diabetes'),
(43, 26, 17, 33, 'Diabetes'),
(44, 20, 14, 63, 'Asthma'),
(45, 42, 5, 59, 'Cancer'),
(46, 40, 18, 53, 'Diabetes'),
(47, 41, 6, 15, 'Diabetes'),
(48, 2, 11, 51, 'Cancer'),
(49, 37, 11, 69, 'Hypertension'),
(50, 19, 17, 43, 'Cancer'),
(51, 45, 3, 10, 'Hypertension'),
(52, 46, 6, 92, 'Diabetes'),
(53, 22, 2, 73, 'Hypertension'),
(54, 24, 8, 26, 'Hypertension'),
(55, 32, 10, 19, 'Asthma'),
(56, 40, 8, 18, 'Asthma'),
(57, 27, 17, 65, 'Diabetes'),
(58, 12, 12, 89, 'Asthma'),
(59, 44, 16, 75, 'Hypertension'),
(60, 20, 16, 19, 'Diabetes'),
(61, 7, 3, 46, 'Asthma'),
(62, 37, 2, 15, 'Asthma'),
(63, 45, 12, 72, 'Hypertension'),
(64, 22, 16, 62, 'Diabetes'),
(65, 5, 20, 17, 'Hypertension'),
(66, 13, 13, 47, 'Hypertension'),
(67, 48, 8, 52, 'Asthma'),
(68, 35, 13, 84, 'Asthma'),
(69, 41, 11, 31, 'Diabetes'),
(70, 2, 8, 67, 'Diabetes'),
(71, 29, 14, 67, 'Cancer'),
(72, 12, 9, 41, 'Asthma'),
(73, 19, 8, 95, 'Asthma'),
(74, 8, 13, 6, 'Diabetes'),
(75, 48, 17, 90, 'Asthma'),
(76, 34, 16, 52, 'Cancer'),
(77, 32, 1, 40, 'Hypertension'),
(78, 48, 16, 16, 'Diabetes'),
(79, 5, 9, 4, 'Asthma'),
(80, 10, 3, 42, 'Cancer'),
(81, 1, 16, 71, 'Asthma'),
(82, 35, 3, 90, 'Hypertension'),
(83, 27, 19, 60, 'Diabetes'),
(84, 48, 17, 41, 'Cancer'),
(85, 6, 1, 36, 'Hypertension'),
(86, 36, 5, 100, 'Cancer'),
(87, 5, 13, 4, 'Hypertension'),
(88, 34, 3, 42, 'Diabetes'),
(89, 35, 15, 16, 'Hypertension'),
(90, 26, 15, 12, 'Diabetes'),
(91, 28, 1, 28, 'Hypertension'),
(92, 27, 16, 44, 'Diabetes'),
(93, 8, 1, 72, 'Hypertension'),
(94, 7, 2, 34, 'Cancer'),
(95, 2, 5, 93, 'Diabetes'),
(96, 39, 12, 44, 'Hypertension'),
(97, 19, 12, 78, 'Hypertension'),
(98, 43, 9, 87, 'Cancer'),
(99, 31, 1, 54, 'Hypertension'),
(100, 5, 10, 96, 'Diabetes');


insert into Medicines (medication_id, medication_name, brand_name, manufacturer, medicine_description, side_effects) values
(1, 'Metformin', 'HealPro', 'Photobean', 'Anti-inflammatory for muscle pain', 'irritability'),
(2, 'Omeprazole', 'PharmaPlus', 'Realfire', 'Vitamin supplement for overall health', 'blurred vision'),
(3, 'Simvastatin', 'MediCare', 'Twitternation', 'Nasal spray for congestion', 'drowsiness'),
(4, 'Losartan', 'HealPro', 'Abatz', 'Cough syrup for colds', 'dizziness'),
(5, 'Simvastatin', 'VitaLife', 'Centimia', 'Vitamin supplement for overall health', 'muscle cramps'),
(6, 'Ibuprofen', 'MediCare', 'Eire', 'Pain reliever for headaches', 'dizziness'),
(7, 'Gabapentin', 'HealWell', 'Linkbuzz', 'Antibiotic for bacterial infections', 'drowsiness'),
(8, 'Gabapentin', 'MediGenix', 'Zoomcast', 'Anti-inflammatory for muscle pain', 'loss of appetite'),
(9, 'Amoxicillin', 'CureAll', 'Topicshots', 'Sleep aid for insomnia', 'blurred vision'),
(10, 'Metformin', 'CureAll', 'Jabbercube', 'Sleep aid for insomnia', 'insomnia'),
(11, 'Acetaminophen', 'WellnessRx', 'Flashset', 'Allergy medication for seasonal allergies', 'dry mouth'),
(12, 'Omeprazole', 'VitaLife', 'Kaymbo', 'Sleep aid for insomnia', 'dizziness'),
(13, 'Amoxicillin', 'HealthGuard', 'Feedspan', 'Vitamin supplement for overall health', 'dizziness'),
(14, 'Gabapentin', 'HealthGuard', 'Buzzbean', 'Pain reliever for headaches', 'insomnia'),
(15, 'Amoxicillin', 'HealWell', 'Youbridge', 'Anti-inflammatory for muscle pain', 'blurred vision'),
(16, 'Losartan', 'MediCare', 'Twitternation', 'Nasal spray for congestion', 'drowsiness'),
(17, 'Simvastatin', 'VitaLife', 'Meeveo', 'Pain reliever for headaches', 'insomnia'),
(18, 'Ibuprofen', 'VitaLife', 'Eire', 'Allergy medication for seasonal allergies', 'dry mouth'),
(19, 'Metformin', 'MediCare', 'Reallinks', 'Vitamin supplement for overall health', 'dry mouth'),
(20, 'Gabapentin', 'HealthGuard', 'Eire', 'Vitamin supplement for overall health', 'irritability'),
(21, 'Amoxicillin', 'HealthGuard', 'Meezzy', 'Antibiotic for bacterial infections', 'insomnia'),
(22, 'Amoxicillin', 'CureAll', 'Browseblab', 'Vitamin supplement for overall health', 'muscle cramps'),
(23, 'Gabapentin', 'PharmaCare', 'Fiveclub', 'Vitamin supplement for overall health', 'dry mouth'),
(24, 'Omeprazole', 'PharmaCare', 'Rooxo', 'Cough syrup for colds', 'insomnia'),
(25, 'Simvastatin', 'HealWell', 'Quimm', 'Antacid for heartburn', 'irritability'),
(26, 'Lisinopril', 'MediGenix', 'Katz', 'Cough syrup for colds', 'headache'),
(27, 'Lisinopril', 'PharmaPlus', 'Riffpath', 'Topical cream for skin rashes', 'irritability'),
(28, 'Omeprazole', 'CureAll', 'Camido', 'Nasal spray for congestion', 'blurred vision'),
(29, 'Losartan', 'WellnessRx', 'Tanoodle', 'Nasal spray for congestion', 'loss of appetite'),
(30, 'Amoxicillin', 'MediGenix', 'Kwideo', 'Vitamin supplement for overall health', 'loss of appetite'),
(31, 'Amoxicillin', 'MediCare', 'Camimbo', 'Pain reliever for headaches', 'nausea'),
(32, 'Metformin', 'WellnessRx', 'Skyba', 'Sleep aid for insomnia', 'dizziness'),
(33, 'Gabapentin', 'MediCare', 'Ntag', 'Antibiotic for bacterial infections', 'headache'),
(34, 'Acetaminophen', 'PharmaPlus', 'Dabjam', 'Pain reliever for headaches', 'drowsiness'),
(35, 'Gabapentin', 'HealthGuard', 'Fliptune', 'Pain reliever for headaches', 'irritability'),
(36, 'Lisinopril', 'PharmaCare', 'Gigazoom', 'Vitamin supplement for overall health', 'loss of appetite'),
(37, 'Amoxicillin', 'HealWell', 'Eire', 'Anti-inflammatory for muscle pain', 'headache'),
(38, 'Atorvastatin', 'WellnessRx', 'Zooxo', 'Allergy medication for seasonal allergies', 'loss of appetite'),
(39, 'Omeprazole', 'HealthGuard', 'Edgeify', 'Vitamin supplement for overall health', 'dry mouth'),
(40, 'Losartan', 'VitaLife', 'Skinder', 'Antacid for heartburn', 'irritability'),
(41, 'Ibuprofen', 'PharmaCare', 'Quatz', 'Allergy medication for seasonal allergies', 'muscle cramps'),
(42, 'Atorvastatin', 'WellnessRx', 'Jaxnation', 'Sleep aid for insomnia', 'dry mouth'),
(43, 'Simvastatin', 'WellnessRx', 'Skyble', 'Topical cream for skin rashes', 'nausea'),
(44, 'Amoxicillin', 'CureAll', 'Mita', 'Vitamin supplement for overall health', 'headache'),
(45, 'Gabapentin', 'MediGenix', 'Tagpad', 'Pain reliever for headaches', 'blurred vision'),
(46, 'Acetaminophen', 'HealthGuard', 'Youopia', 'Topical cream for skin rashes', 'drowsiness'),
(47, 'Lisinopril', 'HealPro', 'Wordware', 'Nasal spray for congestion', 'dry mouth'),
(48, 'Amoxicillin', 'WellnessRx', 'Tagpad', 'Cough syrup for colds', 'irritability'),
(49, 'Simvastatin', 'PharmaCare', 'Buzzshare', 'Vitamin supplement for overall health', 'insomnia'),
(50, 'Acetaminophen', 'HealPro', 'Photofeed', 'Nasal spray for congestion', 'muscle cramps'),
(51, 'Acetaminophen', 'WellnessRx', 'Innotype', 'Antibiotic for bacterial infections', 'muscle cramps'),
(52, 'Ibuprofen', 'HealWell', 'Meevee', 'Antibiotic for bacterial infections', 'headache'),
(53, 'Omeprazole', 'HealWell', 'Layo', 'Allergy medication for seasonal allergies', 'dry mouth'),
(54, 'Ibuprofen', 'MediGenix', 'Pixope', 'Antibiotic for bacterial infections', 'loss of appetite'),
(55, 'Omeprazole', 'PharmaPlus', 'Bubblemix', 'Cough syrup for colds', 'blurred vision'),
(56, 'Metformin', 'PharmaCare', 'Bluezoom', 'Nasal spray for congestion', 'loss of appetite'),
(57, 'Amoxicillin', 'HealthGuard', 'Einti', 'Anti-inflammatory for muscle pain', 'irritability'),
(58, 'Simvastatin', 'PharmaCare', 'Skibox', 'Cough syrup for colds', 'dry mouth'),
(59, 'Atorvastatin', 'MediCare', 'Skajo', 'Pain reliever for headaches', 'dizziness'),
(60, 'Omeprazole', 'CureAll', 'Fivechat', 'Cough syrup for colds', 'insomnia'),
(61, 'Lisinopril', 'HealthGuard', 'Blognation', 'Antibiotic for bacterial infections', 'nausea'),
(62, 'Simvastatin', 'MediGenix', 'Topiczoom', 'Cough syrup for colds', 'dizziness'),
(63, 'Atorvastatin', 'HealPro', 'Zooxo', 'Cough syrup for colds', 'blurred vision'),
(64, 'Amoxicillin', 'CureAll', 'Roomm', 'Antibiotic for bacterial infections', 'dizziness'),
(65, 'Metformin', 'HealthGuard', 'Demizz', 'Nasal spray for congestion', 'dizziness'),
(66, 'Lisinopril', 'MediCare', 'Aivee', 'Allergy medication for seasonal allergies', 'headache'),
(67, 'Simvastatin', 'MediCare', 'Jayo', 'Anti-inflammatory for muscle pain', 'dizziness'),
(68, 'Amoxicillin', 'HealPro', 'Twimm', 'Nasal spray for congestion', 'drowsiness'),
(69, 'Ibuprofen', 'HealPro', 'Feedfish', 'Topical cream for skin rashes', 'headache'),
(70, 'Gabapentin', 'HealPro', 'Dabvine', 'Sleep aid for insomnia', 'dry mouth'),
(71, 'Gabapentin', 'CureAll', 'Meeveo', 'Vitamin supplement for overall health', 'blurred vision'),
(72, 'Omeprazole', 'MediGenix', 'Eare', 'Sleep aid for insomnia', 'dizziness'),
(73, 'Atorvastatin', 'MediGenix', 'Kaymbo', 'Allergy medication for seasonal allergies', 'headache'),
(74, 'Gabapentin', 'VitaLife', 'Tagpad', 'Sleep aid for insomnia', 'headache'),
(75, 'Gabapentin', 'PharmaPlus', 'Kwimbee', 'Nasal spray for congestion', 'drowsiness'),
(76, 'Metformin', 'HealthGuard', 'Yotz', 'Nasal spray for congestion', 'dizziness'),
(77, 'Amoxicillin', 'HealWell', 'Youbridge', 'Cough syrup for colds', 'insomnia'),
(78, 'Acetaminophen', 'WellnessRx', 'Flipstorm', 'Pain reliever for headaches', 'loss of appetite'),
(79, 'Amoxicillin', 'VitaLife', 'Roomm', 'Vitamin supplement for overall health', 'headache'),
(80, 'Atorvastatin', 'HealthGuard', 'Photobug', 'Antacid for heartburn', 'dizziness'),
(81, 'Simvastatin', 'CureAll', 'Brainbox', 'Allergy medication for seasonal allergies', 'drowsiness'),
(82, 'Losartan', 'HealPro', 'Aimbu', 'Sleep aid for insomnia', 'insomnia'),
(83, 'Gabapentin', 'PharmaCare', 'Realbuzz', 'Topical cream for skin rashes', 'insomnia'),
(84, 'Omeprazole', 'HealWell', 'Topicshots', 'Topical cream for skin rashes', 'dizziness'),
(85, 'Acetaminophen', 'PharmaCare', 'Aivee', 'Nasal spray for congestion', 'headache'),
(86, 'Ibuprofen', 'HealthGuard', 'Katz', 'Antibiotic for bacterial infections', 'muscle cramps'),
(87, 'Losartan', 'VitaLife', 'Feednation', 'Vitamin supplement for overall health', 'blurred vision'),
(88, 'Amoxicillin', 'WellnessRx', 'BlogXS', 'Anti-inflammatory for muscle pain', 'headache'),
(89, 'Lisinopril', 'HealPro', 'Yakijo', 'Allergy medication for seasonal allergies', 'irritability'),
(90, 'Atorvastatin', 'MediCare', 'Yodo', 'Cough syrup for colds', 'drowsiness'),
(91, 'Acetaminophen', 'HealthGuard', 'Myworks', 'Antacid for heartburn', 'loss of appetite'),
(92, 'Simvastatin', 'HealWell', 'Tanoodle', 'Nasal spray for congestion', 'muscle cramps'),
(93, 'Losartan', 'PharmaCare', 'Flashset', 'Allergy medication for seasonal allergies', 'blurred vision'),
(94, 'Metformin', 'PharmaPlus', 'Jaxspan', 'Vitamin supplement for overall health', 'muscle cramps'),
(95, 'Ibuprofen', 'MediGenix', 'Topiczoom', 'Antibiotic for bacterial infections', 'insomnia'),
(96, 'Amoxicillin', 'VitaLife', 'Feedfish', 'Topical cream for skin rashes', 'irritability'),
(97, 'Amoxicillin', 'VitaLife', 'Topicware', 'Topical cream for skin rashes', 'headache'),
(98, 'Lisinopril', 'VitaLife', 'Dablist', 'Pain reliever for headaches', 'drowsiness'),
(99, 'Metformin', 'HealthGuard', 'Yozio', 'Anti-inflammatory for muscle pain', 'dry mouth'),
(100, 'Acetaminophen', 'PharmaPlus', 'Edgetag', 'Cough syrup for colds', 'insomnia');


insert into Laboratory_tests (lab_test_id, patient_id, test_name, test_date, doctor_id, result_value, lab_result) values 
(1, 40, 'Blood Test', '4-3-2020', 18, 73.12, 'normal'),
(2, 18, 'X-Ray', '10-29-2021', 1, 5.58, 'normal'),
(3, 37, 'MRI', '8-29-2020', 17, 91.51, 'normal'),
(4, 9, 'Urine Test', '5-12-2020', 5, 26.12, 'normal'),
(5, 36, 'Urine Test', '1-11-2021', 20, 60.46, 'abnormal'),
(6, 31, 'CT Scan', '11-18-2020', 18, 47.96, 'normal'),
(7, 27, 'CT Scan', '2-15-2021', 15, 62.71, 'abnormal'),
(8, 23, 'Blood Test', '11-27-2021', 1, 24.02, 'normal'),
(9, 21, 'Blood Test', '9-14-2020', 6, 80.85, 'normal'),
(10, 42, 'CT Scan', '10-17-2021', 16, 76.58, 'abnormal'),
(11, 49, 'CT Scan', '2-7-2021', 1, 22.13, 'normal'),
(12, 34, 'MRI', '10-6-2020', 6, 64.32, 'normal'),
(13, 29, 'Blood Test', '9-10-2021', 12, 28.45, 'normal'),
(14, 16, 'MRI', '6-17-2020', 19, 19.44, 'normal'),
(15, 16, 'Urine Test', '7-6-2020', 2, 46.51, 'abnormal'),
(16, 49, 'Blood Test', '8-4-2021', 11, 92.63, 'normal'),
(17, 3, 'Blood Test', '6-20-2021', 18, 85.15, 'normal'),
(18, 40, 'CT Scan', '4-4-2020', 20, 45.03, 'normal'),
(19, 30, 'X-Ray', '2-28-2021', 20, 25.61, 'abnormal'),
(20, 40, 'Urine Test', '7-13-2020', 20, 31.42, 'normal'),
(21, 40, 'CT Scan', '12-12-2021', 10, 32.99, 'abnormal'),
(22, 11, 'Urine Test', '11-2-2020', 4, 45.42, 'normal'),
(23, 14, 'CT Scan', '1-7-2020', 13, 85.13, 'normal'),
(24, 35, 'Urine Test', '1-29-2021', 19, 18.71, 'normal'),
(25, 26, 'MRI', '1-26-2020', 17, 57.99, 'normal'),
(26, 33, 'X-Ray', '8-1-2021', 12, 85.59, 'normal'),
(27, 8, 'X-Ray', '6-13-2020', 10, 59.61, 'normal'),
(28, 38, 'X-Ray', '11-14-2021', 20, 91.74, 'normal'),
(29, 34, 'Blood Test', '3-6-2021', 10, 80.5, 'normal'),
(30, 48, 'CT Scan', '9-23-2020', 7, 77.84, 'normal'),
(31, 42, 'Blood Test', '1-19-2021', 4, 87.45, 'normal'),
(32, 11, 'X-Ray', '4-25-2021', 8, 21.16, 'normal'),
(33, 11, 'Blood Test', '10-15-2020', 20, 71.63, 'abnormal'),
(34, 25, 'X-Ray', '7-31-2020', 9, 90.58, 'normal'),
(35, 33, 'Blood Test', '12-29-2021', 13, 30.14, 'abnormal'),
(36, 6, 'Urine Test', '10-6-2021', 1, 79.21, 'normal'),
(37, 1, 'CT Scan', '11-4-2021', 17, 56.87, 'normal'),
(38, 46, 'CT Scan', '8-24-2020', 16, 76.93, 'abnormal'),
(39, 38, 'Urine Test', '6-19-2021', 6, 17.58, 'abnormal'),
(40, 34, 'X-Ray', '6-25-2020', 17, 46.44, 'normal'),
(41, 44, 'CT Scan', '1-2-2020', 5, 0.93, 'normal'),
(42, 2, 'X-Ray', '10-28-2021', 14, 28.3, 'abnormal'),
(43, 21, 'Blood Test', '10-14-2021', 8, 83.05, 'normal'),
(44, 39, 'MRI', '6-1-2020', 9, 93.25, 'normal'),
(45, 48, 'Blood Test', '7-24-2020', 16, 50.63, 'normal'),
(46, 1, 'CT Scan', '1-18-2021', 11, 21.75, 'abnormal'),
(47, 29, 'CT Scan', '4-24-2020', 4, 46.68, 'abnormal'),
(48, 46, 'Blood Test', '3-14-2020', 2, 93.67, 'abnormal'),
(49, 17, 'Blood Test', '12-11-2020', 2, 25.64, 'normal'),
(50, 9, 'MRI', '1-7-2021', 6, 73.35, 'abnormal'),
(51, 39, 'X-Ray', '7-19-2021', 20, 66.16, 'abnormal'),
(52, 18, 'X-Ray', '7-20-2021', 15, 2.94, 'normal'),
(53, 40, 'CT Scan', '12-21-2021', 5, 17.9, 'normal'),
(54, 5, 'X-Ray', '3-21-2021', 12, 83.71, 'normal'),
(55, 12, 'Blood Test', '8-2-2021', 18, 48.09, 'abnormal'),
(56, 13, 'Blood Test', '10-13-2020', 14, 67.05, 'abnormal'),
(57, 25, 'Urine Test', '12-24-2021', 6, 58.72, 'abnormal'),
(58, 49, 'CT Scan', '6-2-2020', 15, 36.91, 'abnormal'),
(59, 9, 'Blood Test', '9-3-2020', 20, 92.09, 'abnormal'),
(60, 50, 'Blood Test', '2-18-2020', 15, 9.57, 'normal'),
(61, 8, 'Urine Test', '11-23-2021', 2, 41.81, 'normal'),
(62, 41, 'CT Scan', '12-20-2020', 5, 95.54, 'abnormal'),
(63, 32, 'MRI', '5-22-2020', 4, 33.57, 'abnormal'),
(64, 1, 'X-Ray', '1-17-2021', 17, 68.57, 'normal'),
(65, 11, 'Urine Test', '8-17-2020', 12, 15.1, 'abnormal'),
(66, 37, 'CT Scan', '4-2-2021', 14, 99.67, 'normal'),
(67, 6, 'X-Ray', '11-21-2020', 4, 5.67, 'normal'),
(68, 8, 'CT Scan', '6-8-2020', 16, 70.27, 'abnormal'),
(69, 35, 'Blood Test', '7-9-2020', 7, 83.5, 'normal'),
(70, 1, 'Urine Test', '5-16-2021', 15, 77.58, 'normal'),
(71, 29, 'Urine Test', '2-11-2020', 17, 31.4, 'normal'),
(72, 12, 'CT Scan', '3-21-2021', 8, 63.93, 'normal'),
(73, 30, 'MRI', '10-16-2021', 12, 81.32, 'abnormal'),
(74, 45, 'Blood Test', '9-2-2021', 11, 6.7, 'abnormal'),
(75, 47, 'Urine Test', '9-2-2020', 3, 60.3, 'abnormal'),
(76, 30, 'Blood Test', '5-12-2021', 3, 5.28, 'normal'),
(77, 33, 'X-Ray', '2-28-2021', 12, 21.78, 'abnormal'),
(78, 31, 'X-Ray', '11-16-2020', 8, 88.79, 'normal'),
(79, 21, 'X-Ray', '10-6-2020', 1, 44.01, 'normal'),
(80, 9, 'X-Ray', '1-18-2020', 6, 58.15, 'normal'),
(81, 32, 'Blood Test', '8-30-2021', 11, 42.02, 'abnormal'),
(82, 30, 'X-Ray', '7-18-2020', 17, 5.77, 'normal'),
(83, 29, 'MRI', '1-19-2021', 20, 9.06, 'abnormal'),
(84, 43, 'MRI', '6-20-2020', 3, 38.95, 'normal'),
(85, 2, 'CT Scan', '2-4-2020', 4, 15.18, 'normal'),
(86, 40, 'X-Ray', '10-9-2020', 9, 94.11, 'normal'),
(87, 36, 'Urine Test', '2-16-2020', 12, 59.75, 'normal'),
(88, 33, 'Urine Test', '7-13-2021', 4, 56.75, 'normal'),
(89, 2, 'Blood Test', '1-26-2021', 5, 46.53, 'normal'),
(90, 16, 'CT Scan', '9-4-2020', 9, 60.82, 'abnormal'),
(91, 14, 'X-Ray', '9-16-2020', 17, 36.4, 'normal'),
(92, 49, 'Blood Test', '1-8-2020', 14, 30.26, 'normal'),
(93, 28, 'Blood Test', '4-2-2020', 13, 97.32, 'normal'),
(94, 37, 'X-Ray', '7-21-2021', 11, 27.25, 'normal'),
(95, 40, 'CT Scan', '1-28-2021', 5, 37.72, 'abnormal'),
(96, 46, 'MRI', '7-20-2020', 19, 81.43, 'abnormal'),
(97, 23, 'Blood Test', '9-3-2021', 11, 7.47, 'normal'),
(98, 44, 'Urine Test', '12-22-2021', 14, 46.6, 'abnormal'),
(99, 27, 'Blood Test', '2-16-2021', 20, 48.04, 'normal'),
(100, 6, 'CT Scan', '12-24-2020', 18, 84.6, 'normal');
